{
  "1": {
    "avg@k": 0.609,
    "pass@k": 0.609
  },
  "2": {
    "avg@k": 0.611,
    "pass@k": 0.719
  },
  "3": {
    "avg@k": 0.6143333333333333,
    "pass@k": 0.757
  },
  "4": {
    "avg@k": 0.6125,
    "pass@k": 0.783
  },
  "5": {
    "avg@k": 0.6142000000000001,
    "pass@k": 0.804
  },
  "6": {
    "avg@k": 0.6145,
    "pass@k": 0.813
  },
  "7": {
    "avg@k": 0.6155714285714285,
    "pass@k": 0.826
  },
  "8": {
    "avg@k": 0.616625,
    "pass@k": 0.84
  }
}