{
  "1": {
    "avg@k": 0.591,
    "pass@k": 0.591
  },
  "2": {
    "avg@k": 0.5985,
    "pass@k": 0.708
  },
  "3": {
    "avg@k": 0.601,
    "pass@k": 0.752
  },
  "4": {
    "avg@k": 0.60225,
    "pass@k": 0.78
  },
  "5": {
    "avg@k": 0.5998,
    "pass@k": 0.793
  },
  "6": {
    "avg@k": 0.5995,
    "pass@k": 0.807
  },
  "7": {
    "avg@k": 0.599,
    "pass@k": 0.821
  },
  "8": {
    "avg@k": 0.596125,
    "pass@k": 0.835
  }
}